epoch,detection_loss,bbox_loss,total_loss,lr
0,0.6929411292076111,182.04115295410156,91.71351623535156,0.01
1,0.6951337456703186,168.0594024658203,84.72483825683594,0.01
2,0.9384875297546387,70.42838287353516,36.152679443359375,0.01
3,1.7730495929718018,62.66827392578125,33.10718536376953,0.01
