epoch,detection_loss,bbox_loss,total_loss,lr
0,0.6971869275068782,66.34718342191854,33.87077875805509,0.001
