epoch,detection_loss,bbox_loss,total_loss,lr
0,0.6934478878974915,210.978515625,106.18270874023438,0.001
1,0.6931180357933044,210.3668212890625,105.87652587890625,0.001
